{"properties":{"connectionReferences":{},"definition":{"$schema":"https://schema.management.azure.com/providers/Microsoft.Logic/schemas/2016-06-01/workflowdefinition.json#","contentVersion":"1.0.0.0","parameters":{"$authentication":{"defaultValue":{},"type":"SecureObject"}},"triggers":{"manual":{"type":"Request","kind":"Button","inputs":{"schema":{"type":"object","properties":{},"required":[]}}}},"actions":{"HTTP":{"runAfter":{},"type":"Http","inputs":{"method":"GET","uri":"https://car-inspections.vercel.app/api/inspections","headers":{"Content-Type":"application/json"}}},"Response":{"runAfter":{"HTTP":["Succeeded"]},"type":"Response","kind":"Http","inputs":{"statusCode":200,"body":"@body('HTTP')","schema":{"type":"array","items":{"type":"object","properties":{"Reference":{"type":"string"},"Bay":{"type":"string"},"Status":{"type":"string"},"NumberPlate":{"type":"string"},"CarMake":{"type":"string"},"CarModel":{"type":"string"},"Description":{"type":"string"},"Images":{"type":"array","items":{"type":"object","properties":{"ID":{"type":"integer"},"URL":{"type":"string"}}}}}}}}}}}},"schemaVersion":"1.0.0.0"}