{"properties":{"connectionReferences":{},"definition":{"$schema":"https://schema.management.azure.com/providers/Microsoft.Logic/schemas/2016-06-01/workflowdefinition.json#","contentVersion":"1.0.0.0","parameters":{"$authentication":{"defaultValue":{},"type":"SecureObject"}},"triggers":{"manual":{"type":"Request","kind":"PowerApp","inputs":{"schema":{"type":"object","properties":{},"required":[]}}}},"actions":{"Run_a_Child_Flow":{"runAfter":{},"type":"Workflow","inputs":{"host":{"workflowReferenceName":"db1fc286-aa39-ec11-8c62-002248421f51"}}},"Response":{"runAfter":{"Run_a_Child_Flow":["Succeeded"]},"type":"Response","kind":"Http","inputs":{"statusCode":200,"body":"@outputs('Run_a_Child_Flow')?['Body']","schema":{"type":"array","items":{"type":"object","properties":{"Reference":{"type":"string"},"Bay":{"type":"string"},"Status":{"type":"string"},"NumberPlate":{"type":"string"},"CarMake":{"type":"string"},"CarModel":{"type":"string"},"Description":{"type":"string"},"Images":{"type":"array","items":{"type":"object","properties":{"ID":{"type":"integer"},"URL":{"type":"string"}}}}}}}}}}}},"schemaVersion":"1.0.0.0"}